"Reference","Footprint","Qty","DNP","MANUFACTURER"
"Accelerometer1","LSM6DSOXTR:PQFN50P250X300X86-14N","1",""," 511-LSM6DSOXTR "
"C1,C3,C11,C12","Capacitor_SMD:C_0603_1608Metric","4","","EMK063BJ104KP-F"
"C5,C8","Capacitor_SMD:C_0603_1608Metric_Pad1.08x0.95mm_HandSolder","2","","LMK063BBJ105MPLF"
"C6","Capacitor_SMD:C_0603_1608Metric_Pad1.08x0.95mm_HandSolder","1","","GCM033C71A104KE02J"
"C7","Capacitor_SMD:C_0603_1608Metric_Pad1.08x0.95mm_HandSolder","1","","KGM03DR50G106MH"
"C9,C10","Capacitor_SMD:C_0603_1608Metric_Pad1.08x0.95mm_HandSolder","2","","CL03A225MO5C65C"
"D9","LED_SMD:LED_0603_1608Metric","1","","CSL1101WBCW1 "
"D10","Diode_SMD:D_SMA","1",""," VS-20MQ100NTRPBF "
"D12,D13","Diode_SMD:D_SOD-123F","2","","RB168MM-30TR"
"J1","USB4105-GF-A-Footprint:GCT_USB4105-GF-A","1","","USB4105-GF-A"
"MCU1","esp32s3mini:XCVR_ESP32-S3-MINI-1-N8","1","","Espressif"
"Q1,Q3,Q8,Q13","Package_TO_SOT_SMD:SOT-23-3","4",""," SQ2361CES-T1_GE3 "
"Q2,Q4,Q5,Q6,Q7,Q10,Q11,Q12,Q14","Package_TO_SOT_SMD:SOT-23-3","9",""," SQ2308FES-T1_GE3 "
"Q9","Package_SO:PowerPAK_SO-8_Single","1",""," 781-SI7617DN-GE3 "
"R1,R2,R7,R17,R18,R19,R20,R21","Resistor_SMD:R_0603_1608Metric","8","",""
"R3","Resistor_SMD:R_0603_1608Metric","1","","ERJ-1RKD1000C"
"R4","Resistor_SMD:R_0603_1608Metric","1","","RGC1/20C1002BPA"
"R5","Resistor_SMD:R_0603_1608Metric","1","","RN73C1J10KBTD"
"R6,R16","Resistor_SMD:R_0603_1608Metric","2","","UCR006YVPJLR10"
"R8,R9","Resistor_SMD:R_0603_1608Metric","2","","ERA-1AEB512C"
"R10","Resistor_SMD:R_0603_1608Metric","1","","1-2176072-2"
"R11,R12","Resistor_SMD:R_0603_1608Metric","2","","RT0201BRD074K7L"
"R13","Resistor_SMD:R_0603_1608Metric","1","","CRCW0201787KFKED"
"R14","Resistor_SMD:R_0603_1608Metric","1","","AF0201FR-07499KL"
"R15","Resistor_SMD:R_0603_1608Metric","1","","5-2176074-3"
"SW3","JS102011JAQN:SW_JS102011JAQN","1","","JS102011JAQN"
"U2","customFootprints:TSSOP-DRV8411A","1","","DRV8411APWPR "
"U4","Package_SON:VSON-8-1EP_3x3mm_P0.65mm_EP1.65x2.4mm_ThermalVias","1","","TLV76750DRVR "
"U5","Package_SON:VSON-8-1EP_3x3mm_P0.65mm_EP1.65x2.4mm_ThermalVias","1","","TLV76733DRVR"
